algorithm,inputType,n,trial,timeNs,maxDepth,comparisons,swaps,recursiveCalls
MergeSort,random,100,1,36874,3,663,302,14
QuickSort,random,100,1,51480,2,629,326,13
DeterministicSelect,random,100,1,54174,5,669,440,34
MergeSort,random,100,2,35707,3,703,339,14
QuickSort,random,100,2,41122,1,687,292,15
DeterministicSelect,random,100,2,43988,6,615,414,20
MergeSort,random,100,3,33617,3,668,313,14
QuickSort,random,100,3,44264,2,668,283,14
DeterministicSelect,random,100,3,52516,7,668,432,31
MergeSort,random,100,4,32343,3,654,290,14
QuickSort,random,100,4,47242,2,681,352,18
DeterministicSelect,random,100,4,48936,6,651,419,29
MergeSort,random,100,5,31043,3,631,262,14
QuickSort,random,100,5,45093,1,633,349,16
DeterministicSelect,random,100,5,47069,7,632,414,29
MergeSort,random,500,1,222751,5,4569,1740,62
QuickSort,random,500,1,278556,3,4569,2371,74
DeterministicSelect,random,500,1,240011,7,3522,2264,74
MergeSort,random,500,2,204827,5,4611,1793,62
QuickSort,random,500,2,237316,3,4800,2362,78
DeterministicSelect,random,500,2,203782,8,3409,2113,70
MergeSort,random,500,3,203708,5,4606,1772,62
QuickSort,random,500,3,264462,2,5022,2826,86
DeterministicSelect,random,500,3,196182,8,3425,2154,72
MergeSort,random,500,4,220372,5,4681,1865,62
QuickSort,random,500,4,1062481,4,4660,2336,73
DeterministicSelect,random,500,4,832840,7,3644,2306,82
MergeSort,random,500,5,212505,5,4614,1774,62
QuickSort,random,500,5,80345,3,5781,3147,85
DeterministicSelect,random,500,5,56404,8,3581,2241,80
MergeSort,random,1000,1,454507,6,10239,3556,126
QuickSort,random,1000,1,136188,4,11244,6304,166
DeterministicSelect,random,1000,1,75389,8,7239,4560,104
MergeSort,random,1000,2,437986,6,10243,3584,126
QuickSort,random,1000,2,150655,4,11256,4924,166
DeterministicSelect,random,1000,2,100010,10,7532,4787,125
MergeSort,random,1000,3,442215,6,10291,3633,126
QuickSort,random,1000,3,131625,4,10580,5717,171
DeterministicSelect,random,1000,3,79194,9,7651,4795,133
MergeSort,random,1000,4,426423,6,10297,3678,126
QuickSort,random,1000,4,106083,4,10793,5538,159
DeterministicSelect,random,1000,4,370178,8,7153,4504,106
MergeSort,random,1000,5,154358,6,10315,3665,126
QuickSort,random,1000,5,99364,4,11015,5261,171
DeterministicSelect,random,1000,5,260060,10,7927,5052,129
MergeSort,random,2000,1,249125,7,22550,7200,254
QuickSort,random,2000,1,208434,4,27418,13911,346
DeterministicSelect,random,2000,1,544333,10,15640,9890,197
MergeSort,random,2000,2,186623,7,22522,7211,254
QuickSort,random,2000,2,197571,4,24505,13977,325
DeterministicSelect,random,2000,2,502676,9,14954,9253,171
MergeSort,random,2000,3,189956,7,22647,7373,254
QuickSort,random,2000,3,8260519,4,23985,13245,315
DeterministicSelect,random,2000,3,651587,10,15661,9982,205
MergeSort,random,2000,4,275595,7,22701,7398,254
QuickSort,random,2000,4,233573,5,23930,12582,318
DeterministicSelect,random,2000,4,570761,11,15541,9726,176
MergeSort,random,2000,5,256397,7,22645,7294,254
QuickSort,random,2000,5,4720335,5,26341,14646,341
DeterministicSelect,random,2000,5,129624,9,15499,9734,185
MergeSort,random,5000,1,2554239,9,58389,10757,1022
QuickSort,random,5000,1,434463,5,67922,30588,816
DeterministicSelect,random,5000,1,262056,11,38122,23400,345
MergeSort,random,5000,2,540193,9,58569,10961,1022
QuickSort,random,5000,2,350876,6,74294,34029,834
DeterministicSelect,random,5000,2,239234,12,38941,24619,306
MergeSort,random,5000,3,538730,9,58307,10757,1022
QuickSort,random,5000,3,5655949,5,69348,36883,820
DeterministicSelect,random,5000,3,307960,11,39090,24129,382
MergeSort,random,5000,4,1517241,9,58530,10973,1022
QuickSort,random,5000,4,363077,5,71130,37158,832
DeterministicSelect,random,5000,4,263796,11,38683,23893,302
MergeSort,random,5000,5,683359,9,58595,11029,1022
QuickSort,random,5000,5,341292,5,74666,44317,824
DeterministicSelect,random,5000,5,264880,12,39581,24761,343
MergeSort,random,10000,1,5545631,10,127090,21901,2046
QuickSort,random,10000,1,928798,7,156642,84991,1659
DeterministicSelect,random,10000,1,532680,12,80124,49988,560
MergeSort,random,10000,2,3174377,10,126688,21549,2046
QuickSort,random,10000,2,770077,6,149575,76299,1686
DeterministicSelect,random,10000,2,4597001,12,81601,50183,575
MergeSort,random,10000,3,959968,10,127078,22030,2046
QuickSort,random,10000,3,739791,6,151319,82035,1649
DeterministicSelect,random,10000,3,517720,12,78921,48798,559
MergeSort,random,10000,4,5032181,10,127179,22106,2046
QuickSort,random,10000,4,750442,5,179002,82817,1664
DeterministicSelect,random,10000,4,535633,13,80094,49715,556
MergeSort,random,10000,5,3774236,10,127395,22220,2046
QuickSort,random,10000,5,746334,5,169118,93086,1673
DeterministicSelect,random,10000,5,494546,12,80208,50456,521
MergeSort,random,20000,1,2019738,11,273875,43599,4094
QuickSort,random,20000,1,7306723,6,371517,188927,3293
DeterministicSelect,random,20000,1,990641,13,159971,99442,804
MergeSort,random,20000,2,5883481,11,274159,43875,4094
QuickSort,random,20000,2,3405836,6,347320,161616,3319
DeterministicSelect,random,20000,2,1062632,15,163445,102463,816
MergeSort,random,20000,3,5911919,11,274011,43841,4094
QuickSort,random,20000,3,1488639,6,340984,185736,3354
DeterministicSelect,random,20000,3,4688391,13,162942,101601,877
MergeSort,random,20000,4,1940622,11,274116,43876,4094
QuickSort,random,20000,4,5509718,7,347532,164186,3358
DeterministicSelect,random,20000,4,846126,14,163124,100389,874
MergeSort,random,20000,5,1827500,11,273841,43576,4094
QuickSort,random,20000,5,5497574,6,323510,174063,3316
DeterministicSelect,random,20000,5,841965,13,154367,97434,696
MergeSort,random,50000,1,13127952,12,769637,140282,8190
QuickSort,random,50000,1,8136523,7,931525,487611,8397
DeterministicSelect,random,50000,1,6081529,14,412485,257732,1600
MergeSort,random,50000,2,11348754,12,769232,139569,8190
QuickSort,random,50000,2,8556509,8,981072,547178,8353
DeterministicSelect,random,50000,2,2024400,14,415400,257916,1543
MergeSort,random,50000,3,13128666,12,769901,140485,8190
QuickSort,random,50000,3,8473037,7,955503,468478,8279
DeterministicSelect,random,50000,3,6215004,14,417830,259635,1644
MergeSort,random,50000,4,13926654,12,769998,140585,8190
QuickSort,random,50000,4,8867898,8,922941,458242,8323
DeterministicSelect,random,50000,4,6115917,15,412582,256975,1489
MergeSort,random,50000,5,11429448,12,769666,140062,8190
QuickSort,random,50000,5,8522694,8,916665,449234,8342
DeterministicSelect,random,50000,5,2235177,15,414314,258345,1623
MergeSort,sorted,100,1,6114,3,244,0,14
QuickSort,sorted,100,1,4866,1,573,32,17
DeterministicSelect,sorted,100,1,4293,5,509,238,32
MergeSort,sorted,100,2,3477,3,244,0,14
QuickSort,sorted,100,2,3341,2,554,36,19
DeterministicSelect,sorted,100,2,1908,5,509,238,32
MergeSort,sorted,100,3,1351,3,244,0,14
QuickSort,sorted,100,3,3404,1,537,30,16
DeterministicSelect,sorted,100,3,2189,5,509,238,32
MergeSort,sorted,100,4,1913,3,244,0,14
QuickSort,sorted,100,4,8752,1,584,26,15
DeterministicSelect,sorted,100,4,6963,5,509,238,32
MergeSort,sorted,100,5,2987,3,244,0,14
QuickSort,sorted,100,5,3072,2,492,30,15
DeterministicSelect,sorted,100,5,2807,5,509,238,32
MergeSort,sorted,500,1,8853,5,1728,0,62
QuickSort,sorted,500,1,12224,3,4597,154,79
DeterministicSelect,sorted,500,1,17671,9,3094,1509,99
MergeSort,sorted,500,2,8527,5,1728,0,62
QuickSort,sorted,500,2,11235,3,4336,162,85
DeterministicSelect,sorted,500,2,11753,9,3094,1509,99
MergeSort,sorted,500,3,7217,5,1728,0,62
QuickSort,sorted,500,3,11394,3,4374,162,83
DeterministicSelect,sorted,500,3,9002,9,3094,1509,99
MergeSort,sorted,500,4,35607,5,1728,0,62
QuickSort,sorted,500,4,12446,3,4878,166,89
DeterministicSelect,sorted,500,4,9127,9,3094,1509,99
MergeSort,sorted,500,5,8648,5,1728,0,62
QuickSort,sorted,500,5,13693,3,4391,150,79
DeterministicSelect,sorted,500,5,8062,9,3094,1509,99
MergeSort,sorted,1000,1,16328,6,3956,0,126
QuickSort,sorted,1000,1,22208,4,10194,324,170
DeterministicSelect,sorted,1000,1,28310,9,6314,3107,123
MergeSort,sorted,1000,2,15999,6,3956,0,126
QuickSort,sorted,1000,2,27096,4,9811,340,174
DeterministicSelect,sorted,1000,2,34724,9,6314,3107,123
MergeSort,sorted,1000,3,21026,6,3956,0,126
QuickSort,sorted,1000,3,30665,4,10346,326,174
DeterministicSelect,sorted,1000,3,63705,9,6314,3107,123
MergeSort,sorted,1000,4,16393,6,3956,0,126
QuickSort,sorted,1000,4,23612,4,10756,312,164
DeterministicSelect,sorted,1000,4,47644,9,6314,3107,123
MergeSort,sorted,1000,5,16295,6,3956,0,126
QuickSort,sorted,1000,5,21569,3,10378,328,170
DeterministicSelect,sorted,1000,5,30622,9,6314,3107,123
MergeSort,sorted,2000,1,34545,7,8912,0,254
QuickSort,sorted,2000,1,42039,5,21355,608,320
DeterministicSelect,sorted,2000,1,89728,10,13112,6373,216
MergeSort,sorted,2000,2,39895,7,8912,0,254
QuickSort,sorted,2000,2,45244,4,22132,662,342
DeterministicSelect,sorted,2000,2,59732,10,13112,6373,216
MergeSort,sorted,2000,3,36615,7,8912,0,254
QuickSort,sorted,2000,3,50108,5,22053,644,340
DeterministicSelect,sorted,2000,3,49898,10,13112,6373,216
MergeSort,sorted,2000,4,38339,7,8912,0,254
QuickSort,sorted,2000,4,52064,5,25581,626,322
DeterministicSelect,sorted,2000,4,47836,10,13112,6373,216
MergeSort,sorted,2000,5,34638,7,8912,0,254
QuickSort,sorted,2000,5,41912,4,24119,606,319
DeterministicSelect,sorted,2000,5,45446,10,13112,6373,216
MergeSort,sorted,5000,1,111755,9,27124,0,1022
QuickSort,sorted,5000,1,113974,5,67484,1566,825
DeterministicSelect,sorted,5000,1,151004,11,33478,16286,358
MergeSort,sorted,5000,2,105595,9,27124,0,1022
QuickSort,sorted,5000,2,122603,5,75290,1612,838
DeterministicSelect,sorted,5000,2,119238,11,33478,16286,358
MergeSort,sorted,5000,3,102482,9,27124,0,1022
QuickSort,sorted,5000,3,107898,6,63451,1568,819
DeterministicSelect,sorted,5000,3,122073,11,33478,16286,358
MergeSort,sorted,5000,4,106528,9,27124,0,1022
QuickSort,sorted,5000,4,108529,5,63878,1576,822
DeterministicSelect,sorted,5000,4,110081,11,33478,16286,358
MergeSort,sorted,5000,5,119846,9,27124,0,1022
QuickSort,sorted,5000,5,4148272,5,65627,1578,827
DeterministicSelect,sorted,5000,5,178604,11,33478,16286,358
MergeSort,sorted,10000,1,238827,10,59248,0,2046
QuickSort,sorted,10000,1,240696,6,140984,3240,1694
DeterministicSelect,sorted,10000,1,258496,14,67923,32576,589
MergeSort,sorted,10000,2,217455,10,59248,0,2046
QuickSort,sorted,10000,2,241901,6,149464,3184,1657
DeterministicSelect,sorted,10000,2,240931,14,67923,32576,589
MergeSort,sorted,10000,3,231495,10,59248,0,2046
QuickSort,sorted,10000,3,233022,6,138236,3204,1666
DeterministicSelect,sorted,10000,3,245265,14,67923,32576,589
MergeSort,sorted,10000,4,235594,10,59248,0,2046
QuickSort,sorted,10000,4,231796,7,154551,3236,1693
DeterministicSelect,sorted,10000,4,267888,14,67923,32576,589
MergeSort,sorted,10000,5,267763,10,59248,0,2046
QuickSort,sorted,10000,5,234346,6,149448,3210,1684
DeterministicSelect,sorted,10000,5,253303,14,67923,32576,589
MergeSort,sorted,20000,1,483198,11,128496,0,4094
QuickSort,sorted,20000,1,476365,7,313657,6310,3331
DeterministicSelect,sorted,20000,1,495691,13,137990,66340,947
MergeSort,sorted,20000,2,523583,11,128496,0,4094
QuickSort,sorted,20000,2,484109,7,322770,6442,3361
DeterministicSelect,sorted,20000,2,490043,13,137990,66340,947
MergeSort,sorted,20000,3,518435,11,128496,0,4094
QuickSort,sorted,20000,3,493229,7,314532,6358,3345
DeterministicSelect,sorted,20000,3,540883,13,137990,66340,947
MergeSort,sorted,20000,4,506244,11,128496,0,4094
QuickSort,sorted,20000,4,510149,6,329141,6476,3384
DeterministicSelect,sorted,20000,4,498874,13,137990,66340,947
MergeSort,sorted,20000,5,511184,11,128496,0,4094
QuickSort,sorted,20000,5,4562340,7,339877,6388,3360
DeterministicSelect,sorted,20000,5,499787,13,137990,66340,947
MergeSort,sorted,50000,1,1340920,12,347008,0,8190
QuickSort,sorted,50000,1,5282067,8,875916,15934,8335
DeterministicSelect,sorted,50000,1,1116407,15,345680,163922,1553
MergeSort,sorted,50000,2,1411547,12,347008,0,8190
QuickSort,sorted,50000,2,5419045,7,932153,15866,8321
DeterministicSelect,sorted,50000,2,1113621,15,345680,163922,1553
MergeSort,sorted,50000,3,6325551,12,347008,0,8190
QuickSort,sorted,50000,3,1294521,7,859769,15908,8356
DeterministicSelect,sorted,50000,3,1038917,15,345680,163922,1553
MergeSort,sorted,50000,4,4514043,12,347008,0,8190
QuickSort,sorted,50000,4,1304040,7,894252,16002,8344
DeterministicSelect,sorted,50000,4,1083533,15,345680,163922,1553
MergeSort,sorted,50000,5,3482357,12,347008,0,8190
QuickSort,sorted,50000,5,4952297,8,881841,16072,8412
DeterministicSelect,sorted,50000,5,1111491,15,345680,163922,1553
MergeSort,reverse,100,1,5130,3,724,576,14
QuickSort,reverse,100,1,5276,1,704,442,18
DeterministicSelect,reverse,100,1,5939,5,668,508,27
MergeSort,reverse,100,2,4547,3,724,576,14
QuickSort,reverse,100,2,4925,1,687,316,17
DeterministicSelect,reverse,100,2,3766,5,668,508,27
MergeSort,reverse,100,3,2970,3,724,576,14
QuickSort,reverse,100,3,4498,2,646,302,18
DeterministicSelect,reverse,100,3,3620,5,668,508,27
MergeSort,reverse,100,4,5124,3,724,576,14
QuickSort,reverse,100,4,3840,1,701,332,14
DeterministicSelect,reverse,100,4,11179,5,668,508,27
MergeSort,reverse,100,5,6009,3,724,576,14
QuickSort,reverse,100,5,5505,1,647,418,16
DeterministicSelect,reverse,100,5,6260,5,668,508,27
MergeSort,reverse,500,1,15962,5,4900,3660,62
QuickSort,reverse,500,1,20288,3,5266,2470,87
DeterministicSelect,reverse,500,1,25382,7,3526,2619,73
MergeSort,reverse,500,2,15585,5,4900,3660,62
QuickSort,reverse,500,2,23723,3,4766,2426,78
DeterministicSelect,reverse,500,2,15963,7,3526,2619,73
MergeSort,reverse,500,3,13892,5,4900,3660,62
QuickSort,reverse,500,3,17010,3,4682,2430,87
DeterministicSelect,reverse,500,3,13927,7,3526,2619,73
MergeSort,reverse,500,4,18741,5,4900,3660,62
QuickSort,reverse,500,4,17401,3,5512,2268,84
DeterministicSelect,reverse,500,4,12306,7,3526,2619,73
MergeSort,reverse,500,5,14011,5,4900,3660,62
QuickSort,reverse,500,5,16433,3,4462,2038,81
DeterministicSelect,reverse,500,5,15122,7,3526,2619,73
MergeSort,reverse,1000,1,27262,6,10300,7320,126
QuickSort,reverse,1000,1,35234,4,11674,5556,159
DeterministicSelect,reverse,1000,1,37038,10,7459,5506,122
MergeSort,reverse,1000,2,27344,6,10300,7320,126
QuickSort,reverse,1000,2,34117,4,12120,4516,170
DeterministicSelect,reverse,1000,2,37522,10,7459,5506,122
MergeSort,reverse,1000,3,27948,6,10300,7320,126
QuickSort,reverse,1000,3,33218,4,11372,6276,160
DeterministicSelect,reverse,1000,3,30034,10,7459,5506,122
MergeSort,reverse,1000,4,25800,6,10300,7320,126
QuickSort,reverse,1000,4,29691,4,11018,5780,161
DeterministicSelect,reverse,1000,4,24270,10,7459,5506,122
MergeSort,reverse,1000,5,21971,6,10300,7320,126
QuickSort,reverse,1000,5,30831,4,11885,5792,167
DeterministicSelect,reverse,1000,5,23647,10,7459,5506,122
MergeSort,reverse,2000,1,58644,7,21600,14640,254
QuickSort,reverse,2000,1,64799,4,26839,11804,336
DeterministicSelect,reverse,2000,1,60982,9,15219,11180,196
MergeSort,reverse,2000,2,62187,7,21600,14640,254
QuickSort,reverse,2000,2,58388,5,24591,10342,332
DeterministicSelect,reverse,2000,2,64877,9,15219,11180,196
MergeSort,reverse,2000,3,59048,7,21600,14640,254
QuickSort,reverse,2000,3,62184,5,24721,11364,341
DeterministicSelect,reverse,2000,3,49888,9,15219,11180,196
MergeSort,reverse,2000,4,52495,7,21600,14640,254
QuickSort,reverse,2000,4,66652,4,27182,13456,345
DeterministicSelect,reverse,2000,4,51418,9,15219,11180,196
MergeSort,reverse,2000,5,58235,7,21600,14640,254
QuickSort,reverse,2000,5,58511,4,25209,11060,335
DeterministicSelect,reverse,2000,5,45050,9,15219,11180,196
MergeSort,reverse,5000,1,135750,9,44324,21960,1022
QuickSort,reverse,5000,1,180302,5,76357,39792,819
DeterministicSelect,reverse,5000,1,176671,10,38574,28255,316
MergeSort,reverse,5000,2,122816,9,44324,21960,1022
QuickSort,reverse,5000,2,208151,5,71227,30486,801
DeterministicSelect,reverse,5000,2,135036,10,38574,28255,316
MergeSort,reverse,5000,3,137580,9,44324,21960,1022
QuickSort,reverse,5000,3,163626,5,70696,34152,849
DeterministicSelect,reverse,5000,3,126329,10,38574,28255,316
MergeSort,reverse,5000,4,124157,9,44324,21960,1022
QuickSort,reverse,5000,4,164785,5,75201,30148,831
DeterministicSelect,reverse,5000,4,140402,10,38574,28255,316
MergeSort,reverse,5000,5,127729,9,44324,21960,1022
QuickSort,reverse,5000,5,166261,5,77565,33744,843
DeterministicSelect,reverse,5000,5,137537,10,38574,28255,316
MergeSort,reverse,10000,1,250107,10,93648,43920,2046
QuickSort,reverse,10000,1,4375436,6,150173,70508,1660
DeterministicSelect,reverse,10000,1,262630,12,77006,56467,460
MergeSort,reverse,10000,2,288845,10,93648,43920,2046
QuickSort,reverse,10000,2,347461,6,160835,65584,1660
DeterministicSelect,reverse,10000,2,244126,12,77006,56467,460
MergeSort,reverse,10000,3,252509,10,93648,43920,2046
QuickSort,reverse,10000,3,359487,6,155700,75044,1665
DeterministicSelect,reverse,10000,3,232827,12,77006,56467,460
MergeSort,reverse,10000,4,260242,10,93648,43920,2046
QuickSort,reverse,10000,4,350755,6,167562,66772,1685
DeterministicSelect,reverse,10000,4,271029,12,77006,56467,460
MergeSort,reverse,10000,5,245523,10,93648,43920,2046
QuickSort,reverse,10000,5,338734,6,155193,67758,1642
DeterministicSelect,reverse,10000,5,239665,12,77006,56467,460
MergeSort,reverse,20000,1,559188,11,197296,87840,4094
QuickSort,reverse,20000,1,4715262,7,343283,139858,3334
DeterministicSelect,reverse,20000,1,486133,12,156766,114873,698
MergeSort,reverse,20000,2,570753,11,197296,87840,4094
QuickSort,reverse,20000,2,680601,7,339844,143616,3343
DeterministicSelect,reverse,20000,2,454336,12,156766,114873,698
MergeSort,reverse,20000,3,4640834,11,197296,87840,4094
QuickSort,reverse,20000,3,704571,6,337183,135936,3332
DeterministicSelect,reverse,20000,3,486675,12,156766,114873,698
MergeSort,reverse,20000,4,591409,11,197296,87840,4094
QuickSort,reverse,20000,4,4768961,6,351030,142878,3352
DeterministicSelect,reverse,20000,4,498744,12,156766,114873,698
MergeSort,reverse,20000,5,575962,11,197296,87840,4094
QuickSort,reverse,20000,5,707278,7,355944,158288,3346
DeterministicSelect,reverse,20000,5,475184,12,156766,114873,698
MergeSort,reverse,50000,1,1415598,12,579408,280512,8190
QuickSort,reverse,50000,1,3790642,8,954768,396316,8300
DeterministicSelect,reverse,50000,1,1146465,14,397723,291408,1309
MergeSort,reverse,50000,2,1431314,12,579408,280512,8190
QuickSort,reverse,50000,2,5865846,8,952145,402068,8326
DeterministicSelect,reverse,50000,2,1078566,14,397723,291408,1309
MergeSort,reverse,50000,3,1361177,12,579408,280512,8190
QuickSort,reverse,50000,3,1771482,8,931314,362424,8279
DeterministicSelect,reverse,50000,3,5136346,14,397723,291408,1309
MergeSort,reverse,50000,4,1416086,12,579408,280512,8190
QuickSort,reverse,50000,4,1854452,7,924127,430206,8358
DeterministicSelect,reverse,50000,4,3017820,14,397723,291408,1309
MergeSort,reverse,50000,5,1383553,12,579408,280512,8190
QuickSort,reverse,50000,5,1866489,7,912298,383380,8307
DeterministicSelect,reverse,50000,5,1146305,14,397723,291408,1309
MergeSort,duplicates,100,1,6522,3,564,228,14
QuickSort,duplicates,100,1,5118,2,1153,227,50
DeterministicSelect,duplicates,100,1,6688,10,788,392,55
MergeSort,duplicates,100,2,4688,3,562,219,14
QuickSort,duplicates,100,2,4193,1,1062,269,50
DeterministicSelect,duplicates,100,2,7543,19,1145,487,96
MergeSort,duplicates,100,3,4541,3,586,235,14
QuickSort,duplicates,100,3,4612,2,1110,183,50
DeterministicSelect,duplicates,100,3,5540,9,776,407,58
MergeSort,duplicates,100,4,4186,3,551,201,14
QuickSort,duplicates,100,4,4228,2,970,207,50
DeterministicSelect,duplicates,100,4,12887,14,996,446,79
MergeSort,duplicates,100,5,4413,3,581,238,14
QuickSort,duplicates,100,5,3900,1,1039,169,50
DeterministicSelect,duplicates,100,5,6403,17,1186,470,88
MergeSort,duplicates,500,1,28374,5,4538,1713,62
QuickSort,duplicates,500,1,25113,3,6402,1771,250
DeterministicSelect,duplicates,500,1,30453,23,4363,2342,184
MergeSort,duplicates,500,2,28504,5,4506,1688,62
QuickSort,duplicates,500,2,26069,3,7698,1895,250
DeterministicSelect,duplicates,500,2,22002,14,3655,2120,100
MergeSort,duplicates,500,3,48200,5,4651,1818,62
QuickSort,duplicates,500,3,25547,3,6689,1667,253
DeterministicSelect,duplicates,500,3,31543,15,3841,2190,131
MergeSort,duplicates,500,4,32271,5,4565,1734,62
QuickSort,duplicates,500,4,27885,3,6865,2011,250
DeterministicSelect,duplicates,500,4,27780,14,3922,2204,140
MergeSort,duplicates,500,5,31254,5,4548,1738,62
QuickSort,duplicates,500,5,26704,3,6535,1558,250
DeterministicSelect,duplicates,500,5,23427,13,3657,2102,103
MergeSort,duplicates,1000,1,61017,6,10306,3636,126
QuickSort,duplicates,1000,1,54361,4,14943,4541,501
DeterministicSelect,duplicates,1000,1,53825,19,7981,4605,205
MergeSort,duplicates,1000,2,59305,6,10271,3592,126
QuickSort,duplicates,1000,2,54819,3,14513,4939,500
DeterministicSelect,duplicates,1000,2,46035,17,7620,4639,174
MergeSort,duplicates,1000,3,54954,6,10310,3662,126
QuickSort,duplicates,1000,3,53947,4,14316,4763,500
DeterministicSelect,duplicates,1000,3,46742,15,7989,4687,185
MergeSort,duplicates,1000,4,54357,6,10338,3695,126
QuickSort,duplicates,1000,4,59123,4,15100,4664,502
DeterministicSelect,duplicates,1000,4,54363,22,9070,5133,263
MergeSort,duplicates,1000,5,55580,6,10338,3682,126
QuickSort,duplicates,1000,5,51976,4,14523,3859,500
DeterministicSelect,duplicates,1000,5,46355,10,7064,4223,128
MergeSort,duplicates,2000,1,129001,7,22543,7220,254
QuickSort,duplicates,2000,1,118802,5,31004,10415,1004
DeterministicSelect,duplicates,2000,1,87147,19,15633,9346,270
MergeSort,duplicates,2000,2,130168,7,22479,7160,254
QuickSort,duplicates,2000,2,114340,5,31652,9618,1004
DeterministicSelect,duplicates,2000,2,89412,22,16041,9570,314
MergeSort,duplicates,2000,3,130503,7,22601,7277,254
QuickSort,duplicates,2000,3,131283,4,33073,10327,1002
DeterministicSelect,duplicates,2000,3,88988,15,15695,9342,268
MergeSort,duplicates,2000,4,132973,7,22504,7177,254
QuickSort,duplicates,2000,4,118777,5,35098,9383,1000
DeterministicSelect,duplicates,2000,4,87001,21,15099,8935,250
MergeSort,duplicates,2000,5,129587,7,22574,7263,254
QuickSort,duplicates,2000,5,116297,4,33558,11843,1002
DeterministicSelect,duplicates,2000,5,93703,28,17024,10088,388
MergeSort,duplicates,5000,1,397620,9,58556,10968,1022
QuickSort,duplicates,5000,1,339690,5,93427,31197,2515
DeterministicSelect,duplicates,5000,1,258676,14,39314,24088,424
MergeSort,duplicates,5000,2,382121,9,58382,10795,1022
QuickSort,duplicates,5000,2,338019,5,95936,28278,2505
DeterministicSelect,duplicates,5000,2,286980,24,39595,24151,431
MergeSort,duplicates,5000,3,417858,9,58546,11025,1022
QuickSort,duplicates,5000,3,331931,5,91015,31374,2507
DeterministicSelect,duplicates,5000,3,244963,17,38637,23474,395
MergeSort,duplicates,5000,4,372919,9,58383,10888,1022
QuickSort,duplicates,5000,4,399436,5,90722,26348,2509
DeterministicSelect,duplicates,5000,4,234273,25,39081,23543,449
MergeSort,duplicates,5000,5,473941,9,58463,10866,1022
QuickSort,duplicates,5000,5,329638,5,89251,31893,2507
DeterministicSelect,duplicates,5000,5,228310,13,38438,23931,377
MergeSort,duplicates,10000,1,4914957,10,126849,21814,2046
QuickSort,duplicates,10000,1,702186,6,187803,55566,5020
DeterministicSelect,duplicates,10000,1,509468,20,79251,48042,746
MergeSort,duplicates,10000,2,829063,10,127258,22156,2046
QuickSort,duplicates,10000,2,3403584,6,199137,62850,5008
DeterministicSelect,duplicates,10000,2,447239,14,79797,48739,581
MergeSort,duplicates,10000,3,881710,10,127055,21938,2046
QuickSort,duplicates,10000,3,711472,6,189792,61176,5018
DeterministicSelect,duplicates,10000,3,444448,22,79857,48792,677
MergeSort,duplicates,10000,4,871595,10,126985,21876,2046
QuickSort,duplicates,10000,4,790456,6,199688,68762,5017
DeterministicSelect,duplicates,10000,4,455138,16,77784,47015,594
MergeSort,duplicates,10000,5,823070,10,126944,21901,2046
QuickSort,duplicates,10000,5,704742,7,193361,66077,5013
DeterministicSelect,duplicates,10000,5,517715,26,82195,50472,738
MergeSort,duplicates,20000,1,1875844,11,273755,43529,4094
QuickSort,duplicates,20000,1,1465433,6,413590,149101,10026
DeterministicSelect,duplicates,20000,1,883045,16,162522,100662,976
MergeSort,duplicates,20000,2,1923500,11,273883,43605,4094
QuickSort,duplicates,20000,2,1581474,7,397055,135607,10010
DeterministicSelect,duplicates,20000,2,1106391,22,165727,102153,1063
MergeSort,duplicates,20000,3,2825950,11,273745,43564,4094
QuickSort,duplicates,20000,3,1530686,7,417147,151779,10029
DeterministicSelect,duplicates,20000,3,939386,20,166525,103577,1097
MergeSort,duplicates,20000,4,1781712,11,273892,43731,4094
QuickSort,duplicates,20000,4,1487753,6,439387,138022,10017
DeterministicSelect,duplicates,20000,4,861329,19,160935,100804,934
MergeSort,duplicates,20000,5,1907123,11,274400,44210,4094
QuickSort,duplicates,20000,5,1525513,7,408346,142524,10028
DeterministicSelect,duplicates,20000,5,843545,18,161693,99925,1009
MergeSort,duplicates,50000,1,4820082,12,769855,140409,8190
QuickSort,duplicates,50000,1,4051791,7,1121341,399610,25078
DeterministicSelect,duplicates,50000,1,2097085,22,408559,255463,1765
MergeSort,duplicates,50000,2,4688576,12,769253,139822,8190
QuickSort,duplicates,50000,2,4067638,8,1137895,415688,25065
DeterministicSelect,duplicates,50000,2,2296134,31,413211,252902,1830
MergeSort,duplicates,50000,3,4716667,12,769313,139953,8190
QuickSort,duplicates,50000,3,4112357,8,1180369,478015,25059
DeterministicSelect,duplicates,50000,3,2157612,22,399714,242616,1749
MergeSort,duplicates,50000,4,4775590,12,770017,140720,8190
QuickSort,duplicates,50000,4,4101383,7,1141180,450257,25080
DeterministicSelect,duplicates,50000,4,2093712,18,411947,255606,1775
MergeSort,duplicates,50000,5,4763925,12,769069,139598,8190
QuickSort,duplicates,50000,5,4029163,7,1132645,365353,25064
DeterministicSelect,duplicates,50000,5,2037809,16,407039,254291,1573
ClosestPair,random,100,1,1334963,6,644,0,70
ClosestPair,random,100,2,339137,6,641,0,70
ClosestPair,random,100,3,275482,6,635,0,70
ClosestPair,random,100,4,303497,6,645,0,70
ClosestPair,random,100,5,296346,6,653,0,70
ClosestPair,random,500,1,1789315,8,4501,0,486
ClosestPair,random,500,2,5176661,8,4524,0,486
ClosestPair,random,500,3,1073091,8,4529,0,486
ClosestPair,random,500,4,1048995,8,4528,0,486
ClosestPair,random,500,5,1071290,8,4523,0,486
ClosestPair,random,1000,1,3713639,9,10065,0,974
ClosestPair,random,1000,2,4157976,9,10040,0,974
ClosestPair,random,1000,3,1278874,9,10059,0,974
ClosestPair,random,1000,4,1236519,9,10045,0,974
ClosestPair,random,1000,5,9432538,9,10063,0,974
ClosestPair,random,2000,1,9695879,10,22113,0,1950
ClosestPair,random,2000,2,5233457,10,22105,0,1950
ClosestPair,random,2000,3,6127258,10,22168,0,1950
ClosestPair,random,2000,4,6832677,10,22157,0,1950
ClosestPair,random,2000,5,6871108,10,22142,0,1950
ClosestPair,random,5000,1,15893238,11,61455,0,4094
ClosestPair,random,5000,2,24390939,11,61443,0,4094
ClosestPair,random,5000,3,31417883,11,61447,0,4094
ClosestPair,random,5000,4,30599573,11,61448,0,4094
ClosestPair,random,5000,5,24056093,11,61417,0,4094
ClosestPair,random,10000,1,48988211,12,132999,0,8190
ClosestPair,random,10000,2,49094254,12,132958,0,8190
ClosestPair,random,10000,3,30102398,12,133029,0,8190
ClosestPair,random,10000,4,38257130,12,132996,0,8190
ClosestPair,random,10000,5,34837493,12,132888,0,8190
ClosestPair,random,20000,1,96082100,13,286128,0,16382
ClosestPair,random,20000,2,107465201,13,286035,0,16382
ClosestPair,random,20000,3,104874637,13,286027,0,16382
ClosestPair,random,20000,4,78671918,13,286125,0,16382
ClosestPair,random,20000,5,75654171,13,285973,0,16382
ClosestPair,duplicates,100,1,175742,6,608,0,70
ClosestPair,duplicates,100,2,83127,6,608,0,70
ClosestPair,duplicates,100,3,3133845,6,608,0,70
ClosestPair,duplicates,100,4,60212,6,608,0,70
ClosestPair,duplicates,100,5,87818,6,608,0,70
ClosestPair,duplicates,500,1,355415,8,4232,0,486
ClosestPair,duplicates,500,2,494610,8,4232,0,486
ClosestPair,duplicates,500,3,389896,8,4232,0,486
ClosestPair,duplicates,500,4,349745,8,4232,0,486
ClosestPair,duplicates,500,5,358256,8,4232,0,486
ClosestPair,duplicates,1000,1,5083264,9,9464,0,974
ClosestPair,duplicates,1000,2,825432,9,9464,0,974
ClosestPair,duplicates,1000,3,785287,9,9464,0,974
ClosestPair,duplicates,1000,4,827865,9,9464,0,974
ClosestPair,duplicates,1000,5,810240,9,9464,0,974
ClosestPair,duplicates,2000,1,5781596,10,20928,0,1950
ClosestPair,duplicates,2000,2,1790825,10,20928,0,1950
ClosestPair,duplicates,2000,3,5850671,10,20928,0,1950
ClosestPair,duplicates,2000,4,2234471,10,20928,0,1950
ClosestPair,duplicates,2000,5,5896014,10,20928,0,1950
ClosestPair,duplicates,5000,1,9192263,11,58856,0,4094
ClosestPair,duplicates,5000,2,8993313,11,58856,0,4094
ClosestPair,duplicates,5000,3,9105428,11,58856,0,4094
ClosestPair,duplicates,5000,4,9494340,11,58856,0,4094
ClosestPair,duplicates,5000,5,8898968,11,58856,0,4094
ClosestPair,duplicates,10000,1,22949088,12,127712,0,8190
ClosestPair,duplicates,10000,2,24376317,12,127712,0,8190
ClosestPair,duplicates,10000,3,23541943,12,127712,0,8190
ClosestPair,duplicates,10000,4,21654274,12,127712,0,8190
ClosestPair,duplicates,10000,5,23451635,12,127712,0,8190
ClosestPair,duplicates,20000,1,40100726,13,275424,0,16382
ClosestPair,duplicates,20000,2,37542674,13,275424,0,16382
ClosestPair,duplicates,20000,3,35588809,13,275424,0,16382
ClosestPair,duplicates,20000,4,31399207,13,275424,0,16382
ClosestPair,duplicates,20000,5,34292280,13,275424,0,16382
